country,1951,1952,1953,1954,1955,1956,1957,1958,1959,1960,1961,1962,1963,1964,1965,1966,1967,1968,1969,1970,1971,1972,1973,1974,1975,1976,1977,1978,1979,1980,1981,1982,1983,1984,1985,1986,1987,1988,1989,1990,1991,1992,1993,1994,1995,1996,1997,1998,1999,2000,2001,2002,2003,2004,2005,2006,2007,2008,2009,2010,2011,2012,2013,2014,2015,2016,2017,2018,2019,2020,2021,2022
Afghanistan,,,,,,,,,,,,,,,,,,,,,,,,,,,,,0,0,0,0,0,0,0,0,0,0,0,0,0,0.5,0.23,0.12,0.12,0.11,0,0,0,0,0,0,0,0,0,0,0,0,0,0.02,0.01,0.05,0.05,0.92,0.76,0.17,0.21,0.2,0.19,0.19,0.17,0.15
Angola,,,,,,,,,,0,0,0,0,0,0,0,0,0,0,0,0,0,0,0,0,0.14,3.13,1.82,0.82,0.9,1.06,1.08,1.04,0.96,0.92,0.89,0.85,0.82,0.11,0.1,0.09,0.09,0.08,0.08,0.08,0.07,0.06,0.07,0.08,0.08,0.08,0.08,0.08,0.08,0.08,0.07,0.07,0.07,0.08,0.08,0.08,0.17,0.17,0.17,0.16,0.16,0.24,0.22,0.17,0.17,0.16,0.16
Albania,,,,,,,,,,,,,,0,0,0,0,0,0,0,0,0,0,0,0,0,0,0,0,0,0,0,0,0,0,0,0,0,0,0,0,0.09,0.09,0.09,0.14,0.15,0,0.69,0.12,0.02,0.01,0,0,0,0,0,0,0,0,0,0,0,0.01,0.02,0.03,0.1,0.01,0.01,0,0,0,0.08
Andorra,,,,,,,,,,,,,,,,,,,,,,,,,,,,,,,,,,,,,,,,,,,,,,,,,,,0,0,0,0,0,0,0,0,0,0,0,0,0,0,0,0,0,0,0,0,0,0
UAE,,,,,,,,,,,,,,,,,,0.14,0.12,0,0.25,0.22,0.72,0.24,0,0.65,0.06,0.05,0.06,0.25,0.55,0.32,0.33,0.4,1.91,0,0,0,0,0,0,0,0.02,0.02,0.02,0.02,0.02,0.02,0.02,0.03,0.03,0.01,0.01,0,0,0,0,0,0,0.01,0.01,0.01,0.01,0.01,0.01,0.02,0.03,0.08,0.09,0.09,0.09,0.09
Argentina,,,,,,,,,,,,,,,,,,,0.14,0.15,0.14,0.13,0.15,0.18,0.18,0.16,0.13,0.1,0.1,0.09,0.09,0.04,0.04,0.04,0.05,0.05,0.04,0.04,0.04,0.04,0.03,0.03,0.03,0.03,0.03,0.03,0.03,0.01,0.01,0.01,0.01,0.01,0.01,0.01,0.01,0.01,0.01,0.01,0.01,0.01,0.01,0.01,0.01,0.01,0.01,0.02,0.02,0.31,0.41,0.41,0.4,0.4
Armenia,,,,,,,,,,,,,,0,0,0,0,0,0,0,0,0,0,0,0,0,0,0,0,0,0,0,0,0,0,0,0,0,0,0,0,8.39,9.66,9.01,6.59,6.64,6.69,9.57,9.24,8.86,8.44,7.97,7.76,7.68,7.21,3.76,0.16,0.14,0.12,0.11,0.1,0.11,0.48,0.61,0.67,0.63,0.63,0.64,0.64,3.85,1.25,1.25
Antigua and Barbuda,,,,,,,,,,,,,,,,,,,,,,,,,,,,,,,,,,,,,,,,,,,,,,,,,,0,0,0,0,0,0,0,0,0,0,0,0,0,0,0,0.02,0.01,0,0,0,0,0,0
Australia,2.14,0,0,0,0,0,0,0,0,0,0,0,0,0,0.35,0.35,0.37,0.36,0.34,0.33,0,0,0,0,0,0,0,2.12,2.09,2.07,2.12,2.09,2.06,0.57,0.56,0.54,0.54,0.55,0.58,0.57,0.31,0.3,0.3,0.32,0.35,0.37,0.36,0.37,0.35,0.37,0.36,0.34,0.3,0.34,0.33,0.34,0.11,0.11,0.11,0.12,0.13,0.18,0.21,0.24,0.24,0.3,0.39,0.47,0.54,0.54,0.53,0.53
Austria,4.07,3.44,3.1,2.16,1.58,2.01,0.98,0.76,0.63,0.55,0.48,0.42,0.38,0.35,0.34,0.33,0.33,0.32,0.34,0.34,0.33,0.33,0.33,0.33,0.26,0.33,0.26,0.26,0.33,0.21,0.24,0.46,0.49,0.52,0.54,0.54,0.54,0.53,0.52,0.45,0.44,0.8,0.73,0.51,0.43,1.12,1.06,1.01,1.03,0.32,0.37,0.54,0.61,0.69,0.75,0.82,0.83,0.89,0.85,0.82,0.85,0.88,0.92,0.98,1.76,1.94,1.95,1.88,1.83,1.82,2.02,3
Azerbaijan,,,,,,,,,,,,,,,,,,,,,,,,,,,,,,,,,,,,,,,,,,3.22,2.96,2.96,2.96,2.94,2.92,2.76,2.74,0.04,0.08,0.1,0.11,0.11,0.04,0.03,0.03,0.02,0.02,0.02,0.02,0.02,0.02,0.02,0.02,0.01,0.01,0.01,0.01,0.02,0.02,0.06
Burundi,,,,,,,,,,,1.07,1.04,1.15,2.57,2.08,2.47,2.41,2.15,1.35,1.11,0.92,1.21,1.37,1.33,1.32,1.29,1.27,1.25,1.22,5.44,5.22,5.5,5.37,5.65,5.4,5.31,5.19,5.07,4.98,4.89,4.83,4.73,4.89,5.38,2.92,0.35,0.37,0.42,0.36,0.53,0.56,0.74,0.75,0.84,0.55,0.27,0.4,0.32,0.36,0.45,0.48,0.49,0.51,0.53,0.52,0.56,0.59,0.67,0.74,0.66,0.68,0.67
Belgium,0.64,0.62,0.61,0.6,0.6,0.73,0.77,0.7,0.64,0.6,0.58,0.55,0.54,0.5,0.5,0.42,0.36,0.35,0.31,0.33,0.3,0.3,0.21,0.11,0.17,0.17,0.17,0.17,0.33,0.34,0.36,0.21,0.35,0.37,0.37,0.36,0.22,0.23,0.26,0.26,0.24,0.24,0.25,0.19,0.31,0.36,0.36,0.15,0.16,0.63,0.13,0.31,0.34,0.35,0.32,0.31,0.31,0.29,0.31,0.33,0.38,0.34,0.33,0.35,0.63,0.59,0.54,0.54,0.63,0.82,0.89,1.27
Benin,,,,,,,,,,,,,,,,,,,0.04,0,0,0,0,0,0,0,0,0,0,0,0,0,0,0.02,0.08,0.08,0.07,0.02,0.02,0.01,0.01,0.01,2.74,1.19,0.39,0.1,0.05,0.04,0.05,0.06,0.07,0.07,0.08,0.07,0.39,0.14,0.09,0.08,0.08,0.08,0.08,0.05,0,0,0.01,0.01,0.01,0.01,0.01,0.01,0.02,0.02
Burkina Faso,,,,,,,,,,,,,,,,,,,,,,,,,,,,,,,,,0,0,0,0,0,0,0,0,0,0.06,0.07,0.5,0.29,0.27,0.02,0.01,0.01,0.01,0.01,0.01,0.01,0.01,0.01,0.01,0.01,0.01,0.01,0.01,0.01,0.23,0.17,0.18,0.18,0.17,0.12,0.12,0.12,0.09,0.16,0.15
Bangladesh,,,,,,,,,,,,,,,,,,,,,,,,,,,,0.2,0,0,0,0,0,0,0,0,0,0,0,0,0.04,0.22,0.18,0.1,0.04,0.03,0.02,0.02,0.02,0.02,0.02,0.02,0.01,0.01,0.02,0.02,0.02,0.02,0.16,0.15,0.15,0.15,0.15,0.15,0.15,0.17,0.58,0.55,0.52,0.52,0.54,0.54
Bulgaria,,,,,,,,,,,,,,,,,,,0,0,0,0,0,0,0,0,0,0,0,0,0,0,0,0,0,0,0,0,0,0,0,0,0.01,0.01,0.02,0.02,0,0,0.01,0.03,0.06,0.06,0.06,0.07,0.07,0.07,0.08,0.08,0.09,0.09,0.09,0.05,0.12,0.24,0.36,0.47,0.3,0.3,0.3,0.33,0.44,2.29
Bahrain,,,,,,,,,,,,,,,,,,,,,,,,0.02,0,0,0,0,0,0,0,0,0,0,0.18,0,0.51,0.01,0.03,0.34,0,0,0,0,0,0,0,0,0,0,0,0,0,0,0,0,0,0.01,0.01,0.02,0.03,0.03,0.03,0.03,0.03,0.03,0.03,0.02,0.02,0.02,0.03,0.03
Bahamas,,,,,,,,,,,,,,,,,,,,,,,,,,,,,,,,,,,,,,,,,,0.13,0.02,0,0,0.02,0.02,0.02,0.03,0.03,0,0,0,0,0,0,0,0,0,0.01,0.01,0.01,0.01,0.01,0.01,0.01,0.01,0.01,0.01,0.01,0.01,0
Bosnia and Herzegovina,,,,,,,,,,,,,,,,,,,,,,,,,,,,,,,,,,,,,,,,,,0,0,0,0,0,0.99,0.97,1.58,0.91,0.79,0.68,0.55,0.55,0.26,0.26,0.2,0.2,0.19,0.19,0.19,0.19,0.19,0.19,0.19,0.15,0.16,0.18,0.18,0.17,0.01,0.01
Belarus,,,,,,,,,,,,,,,,,,,,,,,,,,,,,,,,,,,,,,,,,,,,0.02,0.28,0.29,0,0,0,0.01,0.01,0.01,0.01,0.01,0.01,0.01,0.01,0.01,0.01,0.01,0.01,0.01,0.01,0.01,0.02,0.02,0.03,0.02,0.03,0.03,0.03,0.14
Belize,,,,,,,,,,,,,,,,,,,,,,,,,,,,,,2.76,4.71,2.05,4.49,5.12,5.51,5.38,5.85,17.2,16.9,16.8,16.1,10.7,4.59,4.46,4.3,4.07,3.86,1.55,1.24,0.53,0.46,0.41,0.33,0.28,0.23,0.17,0.12,0.09,0.08,0.05,0.04,0.03,0.02,0.04,0.21,0.66,0.83,0.87,0.56,0.58,0.53,0.53
Bolivia,,,,,,,,,,,,,,,,,,,,0,0,0.01,0.01,0.01,0,0,0,0.01,0.01,0.01,0.01,0,0,0,0,0,0,0,0,0,0,0.01,0.01,0.01,0.01,0.01,0,0,0,0,0,0,0.01,0.01,0.01,0.01,0.01,0.01,0.01,0.01,0.01,0.01,0.01,0.01,0.01,0.01,0.01,0.01,0.06,0.09,0.11,0.12
Brazil,,,,,,,,,,,,,,,,,,,0.04,0.04,0.04,0.04,0.03,0.03,0.03,0.03,0.03,0.03,0.02,0.02,0.02,0,0,0,0,0,0,0,0,0,0,0,0,0,0,0,0,0,0,0,0,0,0,0,0,0,0.01,0,0,0,0,0,0,0.01,0.01,0.02,0.05,0.1,0.17,0.2,0.2,0.26
Barbados,,,,,,,,,,,,,,,,,,,,,,,,,,,,,,,,,,,,,,,,,,,,0,0,0,0,0,0,0,0,0,0,0,0,0,0,0,0,0,0,0,0,0,0,0,0,0,0,0,0,0
Brunei,,,,,,,,,,,,,,,,,,,,,,,,,,,,,,,,,,,,,,,,,,,,,0,0,0,0,0,0,0,0,0,0,0,0,0,0,0,0,0,0,0,0,0,0,0,0,0,0,0,0
Bhutan,,,,,,,,,,,,,,,,1.14,0,0,0,0,0,0,0,0,0,0,0,0,0,0,0,0,0,0,0,0,0,0,0,0,0,0,0,0,0,0,0,0,0,0,0,0,0,0,0,0,0,0,0,0,0,0,0,0,0,0,0,0,0,0,0,0
Botswana,,,,,,,,,,,,,,,,,,0.68,0.61,0.74,1.47,0.72,0.68,0.36,0.33,0.37,0.6,2.24,2.61,0.14,0.13,0.13,0.43,0.45,0.5,0.41,0.43,0.18,0.1,0.09,0.08,0.03,0.04,0.03,0.02,0.01,0.02,0.13,0.08,0.21,0.24,0.21,0.21,0.21,0.17,0.16,0.13,0.16,0.16,0.15,0.17,0.14,0.13,0.13,0.1,0.09,0.09,0.09,0.05,0.04,0.03,0.03
Central African Republic,,,,,,,,,,,,,,0.18,1.11,2.28,1.81,1.16,1.14,1.31,1.33,1.02,0.32,0.22,0.22,0,0,0,0.04,0.29,0.16,0.3,0.27,1.66,1.81,0.5,0.16,0.12,0.09,0.15,0.42,0.64,1.43,1.5,1.03,1.09,1.11,1.21,1.35,1.53,1.38,1.43,1.2,0.67,0.63,0.33,0.22,0.2,0.62,0.49,0.41,0.35,0.35,0.17,0.16,0.25,0.21,0.14,0.14,0.18,0.18,0.2
Canada,1.2,1.07,0.72,0.49,0.33,0.11,0.28,0.27,0.27,0.27,0.24,0.07,0.06,0.05,0.05,0.05,0.05,0.09,0.09,0.09,0.08,0.09,0.06,0.05,0.07,0.12,0.12,0.13,0.24,0.38,0.39,0.43,0.48,0.44,0.36,0.38,0.4,0.43,0.5,0.56,0.61,0.65,0.64,0.64,0.52,0.47,0.42,0.4,0.41,0.51,0.56,0.58,0.55,0.53,0.52,0.54,0.65,0.69,0.69,0.64,0.6,0.57,0.52,0.47,0.44,0.34,0.43,0.52,0.53,0.51,0.51,0.33
Switzerland,0.21,0.2,0.19,0.19,0.18,0.41,0.4,0.38,0.38,0.38,0.37,0.36,0.35,0.35,0.34,0.35,0.35,0.43,0.49,0.5,0.48,0.56,0.55,0.55,0.55,0.56,0.48,0.48,0.48,0.51,0.63,0.52,0.5,0.48,0.47,0.48,0.48,0.48,0.55,0.61,0.67,0.76,0.82,1.08,1.18,1.19,1.17,1.15,1.15,1.18,1.16,1.13,1.02,0.9,0.84,0.81,0.75,0.83,0.82,0.79,0.85,0.91,0.92,1.02,1.28,1.35,1.38,1.4,1.42,1.42,1.45,1.38
Chile,,,,,,,,,,,,,,,,,,,0.07,0.06,0.07,0.07,0.09,0.04,0.03,0.04,0.05,0.03,0.02,0.01,0.01,0.02,0.02,0.02,0,0,0,0,0,0,0,0,0,0,0,0,0,0,0,0,0,0,0,0,0.01,0.01,0.01,0.01,0.01,0.01,0.01,0.01,0.01,0.01,0.02,0.03,0.06,1.6,2.43,2.41,2.63,2.61
China,,,,,,,,,,,,,,0,0,0,0,0,0,0,0,0,0,0,0,0,0,0,0.03,0.03,0.03,0.03,0.03,0.03,0.03,0.03,0.03,0.03,0.03,0.02,0.02,0.02,0.02,0.02,0.02,0.02,0.02,0.02,0.02,0.02,0.02,0.02,0.02,0.02,0.02,0.02,0.02,0.02,0.02,0.02,0.02,0.02,0.02,0.02,0.02,0.02,0.02,0.02,0.02,0.02,0.02,0
Cote d'Ivoire,,,,,,,,,,,,,,,,,,,0.23,0,0.01,0,0,0,4.38,7,0,0,0,0,0,0,0,0.01,0.01,0.01,0.01,0.01,0,2.29,1.86,1.36,1.89,2.61,2.08,2.21,1.36,0.95,0.85,0.73,0.75,0.26,0.43,0.4,0.23,0.15,0.13,0.12,0.12,0.13,0.12,0.02,0.02,0.01,0.01,0.01,0.01,0.01,0.01,0.01,0.02,0.02
Cameroon,,,,,,,,,,,,,,,,,,,,0.12,0,0,0,0,0.41,0.39,0.38,0.37,0.24,1.5,1.96,0.41,0.05,0.14,0.36,0.53,0.57,0.48,0.44,0.44,0.38,0.35,0.35,0.34,0.35,0.34,0.34,0.33,0.33,0.3,0.28,0.4,0.39,0.39,0.34,0.22,0.34,0.44,0.52,0.54,0.51,0.49,0.57,1.24,1.51,1.6,1.41,1.55,1.61,1.67,1.71,1.73
"Congo, Dem. Rep.",,,,,,,,,,0.98,1.3,1.39,1.43,1.39,1.52,1.99,2.35,2.5,2.53,2.43,2.29,2.33,2.11,2.24,2.21,2.18,2.19,2.61,2.74,2.29,2.1,1.76,1.05,1.13,0.92,0.95,0.98,1.01,0.98,1.16,1.3,1.02,1.45,4.15,3.31,1.53,0.66,0.52,0.6,0.68,0.72,0.65,0.44,0.36,0.36,0.36,0.29,0.25,0.29,0.25,0.22,0.09,0.16,0.16,0.49,0.56,0.64,0.61,0.59,0.53,0.55,0.52
"Congo, Rep.",,,,,,,,,,,,,,,,,0,0,0.04,0.04,0,0,0,0.63,0.31,0,0,0.01,0,0,0,0,0.05,0.05,0.06,0.07,0.1,0.1,0.15,0.13,0.14,0.13,0.53,0.58,0.71,0.73,0.72,0.93,1.32,3.96,3.74,3.36,2.76,2.03,1.89,1.58,1.09,0.69,2.73,3.12,3.15,2.16,1.11,1.17,0.97,1.02,1.05,0.86,0.72,0.71,0.93,0.92
Colombia,,,,,,,,,,,,,,,,,,,,0.01,0.01,0.01,0.01,0.01,0,0,0.01,0.01,0.01,0.01,0.01,0,0,0,0,0,0,0,0,0,0,0,0,0,0,0,0,0,0,0,0,0,0,0,0,0,0,0,0,0,0,0,0,0,0,0,0,2.38,3.55,3.44,3.64,4.83
Comoros,,,,,,,,,,,,,,,,,,,,,,,,,,,,,,,,,,,,,,,0,0,0,0,0,0,0,0,0,0,0,0,0,0,0,0,0,0,0,0,0,0,0,0,0,0,0,0,0,0,0,0,0,0
Cape Verde,,,,,,,,,,,,,,,,0,0,0,0,0,0,0,0,0,0,0,0,0,0,0,0,0,0,0,0,0,0,0,0,0,0,0,0,0,0,0,0,0,0,0,0,0,0,0,0,0,0,0,0,0,0,0,0,0,0,0,0,0,0,0,0,0
Costa Rica,,,,,,,,,,,,,,,,,,,,,,0.04,0,0.01,0,0,0.16,5.82,0.79,0.42,0.6,0.64,0.64,0.63,0.87,1.1,1.08,9.29,9.05,8.75,3.63,3.44,0.73,0.71,0.68,0.63,0.62,0.6,0.59,0.17,0.26,0.3,0.32,0.25,0.27,0.27,0.4,0.41,0.43,0.43,0.44,0.44,0.44,0.46,0.14,0.16,0.24,0.74,2.25,2.38,3.58,4.56
Cuba,,,,,,,,,,,,,,,,,,,0,0,0,0,0,0.01,0,0,0.03,0.04,0.03,0.03,0.02,0.02,0.02,0.02,0.02,0.02,0.02,0.02,0.04,0.04,0,0.05,0.03,0.02,0.02,0.02,0.01,0.01,0.01,0.01,0.01,0.01,0.01,0.01,0.01,0.01,0.01,0,0,0,0,0,0,0,0,0,0,0,0,0,0,0
Cyprus,,,,,,,,,,,,,,,,,,0.03,0.03,0.03,0.03,0.03,0,0,0,0,0.11,0,0,0,0,0,0,0,0,0,0,0.01,0,0,0.01,0.01,0.01,0.01,0.01,0.01,0,0.01,0.01,0.06,0.2,0.22,0.54,1.03,1.33,1.27,1.22,0.87,0.71,0.78,0.57,0.54,0.56,0.64,0.78,0.96,1.24,1.75,2.53,2.79,3.34,5.09
Czech Republic,,,,,,,,,,,,,,,,,,,,0,0,0,0,0,0,0,0,0,0,0,0,0,0,0,0,0,0,0,0,0,0.01,0.09,0,0.01,0.03,0.02,0.02,0.02,0.01,0.06,0.13,0.09,0.05,0.03,0.03,0.05,0.04,0.03,0.03,0.03,0.03,0.03,0.03,0.03,0.04,0.04,0.04,0.04,0.03,0.03,0.03,3.71
Germany,0.37,0.34,0.32,0.32,0.31,0.31,0.3,0.29,0.28,0.27,0.26,0.25,0.24,0.24,0.24,0.18,0.15,0.14,0.14,0.15,0.16,0.16,0.16,0.16,0.16,0.16,0.15,0.11,0.11,0.12,0.13,0.13,0.15,0.16,0.61,0.7,0.76,0.78,0.8,1.03,1.03,1.54,1.76,1.67,1.56,1.56,1.29,1.16,1.2,1.2,1.21,1.4,1.34,1.18,0.95,0.81,0.75,0.76,0.78,0.79,0.78,0.83,0.4,0.54,0.9,1.53,1.69,1.73,1.75,1.74,1.81,2.97
Djibouti,,,,,,,,,,,,,,,,,,,,,,,,,,,3.16,7.18,9.51,14,9.32,9.63,7.93,4.39,4.31,3.94,2.91,0.26,6.03,13.4,15.3,4.49,5.57,5.36,4.34,3.89,3.53,3.39,3.23,3.19,3.09,2.81,3.56,2.2,1.26,1.09,0.82,1.09,1.44,1.72,2.37,2.33,2.45,2.46,2.19,2.52,2.59,2.72,2.87,2.94,3.14,3.17
Dominica,,,,,,,,,,,,,,,,,,,,,,,,,,,,,,,,,,,,,,,,,,,,,,,,,,0,0,0,0,0,0,0,0,0,0,0,0,0,0,0,0,0,0,0,0,0,0,0
Denmark,0.05,0.04,0.04,0.03,0.03,0.06,0.06,0.06,0.05,0.05,0.05,0.05,0.05,0,0,0,0,0,0,0.04,0.09,0.07,0.07,0.06,0.04,0.04,0.03,0.04,0.04,0.04,0.04,0.04,0.07,0.17,0.17,0.45,0.59,0.53,0.6,0.64,0.7,0.76,0.86,0.95,1.24,1.26,1.29,1.3,1.3,1.44,1.47,1.45,1.33,1.22,0.83,0.68,0.5,0.43,0.39,0.38,0.27,0.24,0.26,0.39,0.53,0.71,0.7,0.68,0.67,0.65,0.64,1.12
Dominican Republic,,,,,,,,,,,,,,,,,,,,0.02,0.02,0.02,0,0.02,0,0,0.01,0.01,0.06,0.07,0.08,0.08,0.08,0.08,0.09,0.08,0.07,0.07,0.05,0.03,0.02,0.01,0.02,0.02,0.01,0.01,0.01,0.01,0.01,0.01,0,0,0,0,0,0,0,0,0,0.02,0.02,0.02,0.02,0.01,0.01,0.01,0.01,0.25,0.32,1.04,1.05,1.04
Algeria,,,,,,,,,,,,,,,,,,,,0,0,0,0,0,0.13,0.24,0.3,0.29,0.29,0.28,0.86,0.83,0.81,0.78,0.79,0.73,0.71,0.7,0.68,0.66,0.65,0.82,0.8,0.78,0.68,0.66,0.58,0.55,0.54,0.55,0.54,0.54,0.53,0.52,0.29,0.28,0.28,0.27,0.27,0.26,0.26,0.26,0.25,0.26,0.25,0.25,0.24,0.25,0.23,0.23,0.23,0.23
Ecuador,,,,,,,,,,,,,,,,,,,,,,0,0,0,0,0,0,0,0.01,0.01,0.01,0.01,0.01,0.01,0.01,0.01,0.01,0.01,0.01,0,0,0,0,0,0,0,0,0,0,0.01,0.03,0.04,0.07,0.07,0.09,0.12,2.05,0.93,1.13,1.14,0.95,0.89,0.86,0.84,0.82,0.77,0.62,2.2,2.9,3.03,3.19,3.14
Egypt,,,,,,,,,,,,,,0,0.02,0,0,0,0.01,0.01,0.01,0.02,0.01,0.01,0.01,0.01,0.01,0.01,0.01,0,0,0.01,0.07,0.01,0,0,0,0,0,0,0,0.01,0.01,0.01,0.01,0.01,0.01,0.01,0.01,0.03,0.03,0.12,0.12,0.13,0.13,0.13,0.14,0.13,0.13,0.13,0.13,0.14,0.27,0.27,0.26,0.26,0.28,0.3,0.31,0.31,0.31,0.32
Eritrea,,,,,,,,,,,,,,,,,,,,,,,,,,,,,0,0,0,0,0,0,0,0,0,0,0,0,0,0,0,0.03,0.05,0.09,0.11,0.11,0.13,0.08,0.09,0.14,0.15,0.17,0.21,0.23,0.24,0.17,0.16,0.16,0.15,0.11,0.1,0.09,0.08,0.07,0.07,0.07,0.01,0.01,0,0
Spain,0.01,0,0,0.01,0,0,0,0,0,0,0.01,0.01,0.01,0.04,0.04,0.05,0.06,0.06,0.07,0.09,0.11,0.12,0.07,0.05,0.04,0.05,0.04,0.04,0.07,0.06,0.06,0.06,0.06,0.03,0.02,0.03,0.02,0.02,0.02,0.02,0.01,0.01,0.01,0.01,0.01,0.01,0.01,0.01,0.02,0.02,0.02,0.02,0.01,0.01,0.01,0.01,0.01,0.01,0.02,0.01,0.01,0.02,0.02,0.03,0.04,0.07,0.11,0.21,0.4,0.44,0.48,0.82
Estonia,,,,,,,,,,,,,,,,,,,,,,,,,,,,,,,,,,,,,,,,,,0,0,0,0,0,0,0,0,0,0,0,0,0,0,0,0,0,0,0,0,0,0.01,0.01,0.02,0.03,0.03,0.03,0.03,0.02,0.03,2.17
Ethiopia,,,,,,,,,,,,,,,,,0,0.07,0.07,0.07,0.08,0.05,0.02,0.02,0.03,0.03,0.03,0.03,0.03,0.03,0.02,0.01,0.08,0.46,0.45,0.32,0.72,1.53,1.54,1.62,1.06,0.83,0.51,0.63,0.68,0.66,0.53,0.42,0.4,0.3,0.22,0.19,0.18,0.15,0.13,0.12,0.1,0.1,0.14,0.17,0.32,0.4,0.45,0.67,0.72,0.75,0.82,0.81,0.64,0.68,0.68,0.71
Finland,,,,,,,,,,,,,,,,,,,,,,,,,,,,,,,,,,0.01,0.01,0.01,0.02,0.02,0.04,0.05,0.09,0.12,0.17,0.19,0.2,0.22,0.23,0.24,0.25,0.28,0.25,0.24,0.21,0.22,0.22,0.25,0.13,0.18,0.21,0.2,0.21,0.22,0.23,0.25,0.68,0.44,0.43,0.46,0.58,0.54,0.48,1.06
Fiji,,,,,,,,,,,,,,,,,,,,,,,,,,,,,,,,,,,,,,,,,,0,0,0,0,0,0,0,0,0,0,0,0,0,0,0,0,0,0,0,0,0,0,0,0,0,0,0,0,0,0,0
France,0.69,0.66,0.63,0.61,0.79,0.83,0.88,0.85,0.86,0.54,0.55,0.56,0.37,0.37,0.37,0.37,0.36,0.36,0.35,0.31,0.28,0.19,0.2,0.2,0.21,0.22,0.23,0.24,0.22,0.23,0.23,0.28,0.3,0.31,0.32,0.33,0.32,0.33,0.32,0.34,0.31,0.28,0.29,0.34,0.27,0.26,0.25,0.24,0.22,0.23,0.28,0.28,0.26,0.33,0.3,0.3,0.3,0.33,0.38,0.4,0.41,0.42,0.45,0.48,0.53,0.57,0.62,0.71,0.79,0.86,0.89,1.05
"Micronesia, Fed. Sts.",,,,,,,,,,,,,,,,,,,,,,,,,,,,,,,,,,,,,,,,,,,,,,,,,,,,0,0,0,0,0,0,0,0,0,0,0,0,0,0.01,0,,,,,,
Gabon,,,,,,,,,,,,,,,,,,,0.77,0,0,0,0,0,9.05,8.84,12.9,8.45,4.14,2.67,0.05,0.08,0,0,0,0.01,0,0,0,0.04,0.02,0.03,0,0.05,0.07,0.07,0.07,0.09,1.21,1.65,1.47,1.43,1.39,1.31,0.92,0.84,0.84,0.83,0.79,0.77,0.23,0.22,0.21,0.15,0.14,0.14,0.04,0.04,0.02,0.02,0.01,0.01
UK,0.41,0.4,0.38,0.36,0.34,0.35,0.35,0.34,0.33,0.32,0.31,0.3,0.29,0.3,0.31,0.31,0.3,0.29,0.29,0.29,0.27,0.27,0.27,0.28,0.27,0.27,0.26,0.27,0.26,0.26,0.26,0.25,0.25,0.24,0.24,0.18,0.18,0.07,0.08,0.08,0.08,0.11,0.14,0.15,0.16,0.17,0.19,0.21,0.25,0.47,0.46,0.51,0.5,0.51,0.52,0.52,0.51,0.5,0.45,0.4,0.33,0.26,0.24,0.24,0.26,0.25,0.25,0.26,0.29,0.31,0.36,0.53
Georgia,,,,,,,,,,,,,,,,,,,,,,,,,,,,,,,,,,,,,,,,,,,0,0,0,0,0,0,0.12,0.18,0.19,0.1,0.1,0.06,0.06,0.04,0.03,0.03,0.02,0.02,0.01,0.02,0.03,0.06,0.07,0.06,0.07,0.07,0.07,0.08,0.08,0.67
Ghana,,,,,,,,,,,0,0,0,0,0,0,0,0,0.23,0,0,0,0,0,0,0,0,0,0,0,0,0,0,0,0,0,0,0,0,0.05,0.05,0.07,0.9,0.67,0.48,0.2,0.13,0.08,0.07,0.07,0.07,0.2,0.23,0.22,0.26,0.22,0.15,0.08,0.06,0.06,0.1,0.07,0.07,0.07,0.07,0.04,0.04,0.04,0.04,0.04,0.04,0.03
Guinea,,,,,,,,,,,,,,,,,,,,,0,0,0,0,0,0,0,0,0,0,0,0,0,0,0,0,0,0,0,5.11,8.28,7,8.19,7.62,9,8.64,5.55,6.04,6.14,5.12,2.12,2.13,2.13,1.62,0.74,0.38,0.31,0.23,0.16,0.14,0.16,0.1,0.08,0.08,0.08,0.04,0.04,0.05,0.05,0.07,0.04,0.03
Gambia,,,,,,,,,,,,,,,,,,,,,,,,,,,,,,,,,,,,,,,,0.01,0.02,0.32,0.19,0.18,0.53,0.54,0.55,0.76,1.23,0.85,0.56,0.8,0.48,0.49,0.48,0.84,0.84,0.81,0.54,0.44,0.48,0.48,0.45,0.53,0.35,0.34,0.34,0.18,0.18,0.18,0.18,0.2
Guinea-Bissau,,,,,,,,,,,,,0,0,0,0,0,0,0,0,0,0,0,0,0,0,0,0,0,0,0.01,0,0,0,0,0,0,0,0,0.31,0.47,1.19,1.96,2.19,1.37,1.35,1.37,0.56,0.59,0.62,0.61,0.6,0.58,0.57,0.56,0.57,0.57,0.55,0.54,0.51,0.49,0.48,0.51,0.5,0.49,0.51,0.6,0.25,0.1,0.09,0.09,0
Equatorial Guinea,,,,,,,,,,,,,,,,,,12.7,0,0,0,0,0,0,0,0,0,0,0,0,0,0,0,0,0,0,0,0,0,0,0,0,0,0,0,0,0,0,0,0,0,0,0,0,0,0,0,0,0,0,0,0,0,0,0,0,0,0,0,0,0,0
Greece,0.23,0.24,0.23,0.24,0.21,0.19,0.19,0.19,0.18,0.18,0.18,0.18,0.18,0.19,0.18,0.18,0.14,0.1,0.07,0.07,0.07,0.04,0.03,0.03,0.03,0.03,0.03,0.03,0.04,0.04,0.04,0.04,0.04,0.04,0.04,0.03,0.05,0.08,0.07,0.08,0.09,0.08,0.07,0.07,0.04,0.05,0.05,0.06,0.06,0.08,0.12,0.04,0.09,0.09,0.1,0.14,0.28,0.36,0.45,0.52,0.41,0.35,0.49,0.39,0.47,0.8,0.78,1.29,1.76,1.56,1.5,1.63
Grenada,,,,,,,,,,,,,,,,,,,,,,,,,,,,,,,,,,,,,,0,0,0,0,0,0,0,0,0,0,0,0,0,0,0,0,0,0,0,0,0,0,0,0,0,0,0,0,0,0,0,0,0.19,0.19,0
Guatemala,,,,,,,,,,,,,,,,,,,,,,0,0,0,0,0,0,0,0,0.06,1.4,0.95,0.93,0.91,0.15,0.15,0.14,2.59,2.52,2.46,2.39,2.33,0.05,0.05,0.01,0.01,0.01,0.01,0.01,0.01,0.01,0.01,0.01,0.01,0,0,0,0,0,0,0,0,0,0,0,0,0,0,0.01,0.01,0.02,0.01
Guyana,,,,,,,,,,,,,,,,,,,,,,0.01,0,0.03,0,0,0,0,0,0,0,0,0,0,0,0,0,0,0,0,0,0,0,0,0,0,0,0,0,0,0,0,0,0,0,0,0,0,0,0,0,0,0,0,0,0,0,4.64,2.76,2.94,3.22,2.42
"Hong Kong, China",1.45,0,0,0.92,0,0,0,0,0,0,0,0,0,31.9,34.7,33.9,0,0,0,0.03,0.02,0,0,0,0,0,0,1.33,1.14,0.48,0.27,0.24,0.24,0.22,0.17,0.15,0.17,0.27,0.21,0.14,0.07,0.04,0.03,0.03,0.02,0.02,0.02,0.02,0.01,0.02,0.03,0.02,0.03,0.04,0.04,0.06,0.03,0.02,0.01,0.01,0.01,0.01,0.03,0.03,0.03,0,0,0,0,0,0,0
Honduras,,,,,,,,,,,,,,,,,,,,,,0,0,0,0,0,0,0.42,0,0.66,0.72,0.8,0.96,1.15,1.37,1.51,1.36,4.96,4.83,4.69,1.96,1.88,0,0,0,0,0,0,0,0,0,0,0,0,0,0,0,0,0,0,0,0,0,0,0,0,0,0,0,0,0,0
Holy See,,,,,,,,,,,,,,,,,,,,,,,,,,,,,,,,,,,,,,,,,,,,,,,,,,,,,,,,,0,0,0,0,0,0,0,0,0,0,0,0,0,0,0,0
Croatia,,,,,,,,,,,,,,,,,,,,,,,,,,,,,,,,,,,,,,,,,,8.4,5.99,3.81,4.13,3.48,1.46,0.62,0.62,0.49,0.49,0.19,0.1,0.08,0.07,0.06,0.04,0.04,0.03,0.02,0.02,0.02,0.02,0.02,0.01,0.02,0.02,0.02,0.03,0.04,0.04,0.43
Haiti,,,,,,,,,,,,,,,,,,,,,,,,0,0,0,0,0,0,0,0,0,0,0,0,0,0,0,0,0,0,0,0,0,0,0,0,0,0,0,0,0,0,0,0,0,0,0,0,0,0,0,0,0,0,0,0,0,0,0,0,0
Hungary,,,,,,,,,,,,,,,0,0,0,0,0,0,0,0,0,0,0,0,0,0,0,0,0,0,0,0,0,0,0,0,0.26,0.43,0.71,0.31,0.03,0.03,0.11,0.07,0.06,0.03,0.05,0.07,0.07,0.07,0.08,0.08,0.09,0.09,0.1,0.1,0.07,0.06,0.05,0.04,0.04,0.19,0.42,0.08,0.06,0.06,0.06,0.06,0.06,0.32
Indonesia,,,,,,,,,,,,,,,,,,,,,,,,,,,,0,0.02,0.01,0.01,0.01,0.01,0.01,0,0,0,0,0,0,0,0,0,0,0,0,0,0,0.08,0.06,0.03,0.01,0,0,0,0,0,0,0,0,0,0,0,0,0.01,0.01,0.01,0.01,0.01,0.01,0,0
India,,,,,,,,,,,,,,0.01,0.01,0.01,0.01,0.01,0.01,0.01,0.01,0.01,0.01,0.01,0,0,0,0,0,0,0,0,0,0,0,0,0,0,0,0.02,0.02,0.03,0.03,0.03,0.02,0.02,0.02,0.02,0.02,0.02,0.02,0.02,0.01,0.01,0.01,0.01,0.01,0.02,0.02,0.02,0.01,0.01,0.01,0.02,0.02,0.02,0.02,0.02,0.01,0.01,0.02,0.02
Ireland,,,,,,,,,,,,,,,,,,,,,,,,,,,,,,,,,,0.01,0.02,0.02,0.02,0.01,0.01,0.01,0.01,0.01,0,0.01,0.01,0,0.01,0.02,0.08,0.39,0.38,0.32,0.34,0.25,0.23,0.27,0.31,0.32,0.27,0.31,0.3,0.26,0.25,0.23,0.24,0.21,0.26,0.27,0.32,0.33,0.33,1.22
Iran,,,,,,,,,,,,0.01,0.01,0,0,0,0,0,0,0,0,0,0,0,0,0,0,0,0.35,0.86,3.87,4,4.32,4.38,4.87,5.3,5.46,5.47,5.31,7.48,7.6,6.99,4.18,3.73,3.41,3.3,3.17,3.04,2.85,2.87,2.8,1.94,1.45,1.51,1.39,1.36,1.33,1.34,1.44,1.43,1.16,1.12,1.09,1.23,1.2,1.18,1.16,1.14,1.13,0.92,0.91,0.95
Iraq,,,,,,,,,,,,,,,,,,0,0,0,0,0,0,0,0,0,0,0,0,0,0.01,0.01,0.01,0.01,0.53,0.69,0.01,0,0,0.01,0.49,0.63,0.57,0.59,0.56,0.52,0.47,0.45,0.54,0.52,0.51,0.51,0.17,0.17,0.18,0.16,0.16,0.14,0.13,0.12,0.12,0.31,0.71,0.76,0.76,0.71,0.73,0.73,0.69,0.67,0.67,0.68
Iceland,,,,,,,,,,,,,,,,,,,,,,,,,,,,,,,,,,,,,,,,0.03,0.05,0.06,0.06,0.06,0.07,0.09,0.09,0.1,0.09,0.09,0.08,0.07,0.08,0.08,0.1,0.09,0.02,0.02,0.02,0.03,0.03,0.04,0.1,0.09,0.1,0.17,0.2,0.28,0.35,0.45,0.58,1.06
Israel,,,,,,,,,,,,,,,,,,,,,,,,,,,,,,,,,,,,,,0,0,0,0,0,0,0,0,0,0,0,0,0.07,0.08,0.08,0.08,0.01,0.02,0.02,0.1,0.19,0.3,0.42,0.64,0.71,0.69,0.58,0.56,0.63,0.67,0.64,0.63,0.39,0.32,0.29
Italy,0.06,0.05,0.05,0.04,0.04,0.04,0.04,0.04,0.04,0.03,0.03,0.03,0.03,0.03,0.03,0.03,0.02,0.02,0.03,0.02,0.02,0.02,0.02,0.02,0.02,0.02,0.02,0.02,0.03,0.04,0.04,0.04,0.04,0.04,0.04,0.04,0.04,0.03,0.02,0.02,0.02,0.02,0.09,0.13,0.13,0.11,0.12,0.01,0.01,0.01,0.01,0.02,0.02,0.03,0.04,0.05,0.07,0.08,0.1,0.1,0.12,0.13,0.15,0.23,0.3,0.41,0.59,0.49,0.43,0.31,0.33,0.6
Jamaica,,,,,,,,,,,,,,,,,,,,,,,,,,,,,,,,,,,,,,,,,0,0,0,0,0,0,0,0,0,0,0,0,0,0,0,0,0,0,0,0,0,0,0,0,0,0,0,0,0,0,0,0
Jordan,,,,,,,,,,,,,,,,,,,,,33.2,32.7,33,33.2,33.8,33.6,33.5,33.4,33.1,32.6,31.9,31.4,30.7,30.1,29.5,29,28.5,28,27.7,27.1,27,27,28,29,29.8,30.2,30.4,30.7,31.1,32,32.3,32.3,32.4,32.4,32.5,39.1,37.1,37,35.9,34.6,34.3,32.5,35.3,32.2,29.8,29.1,28.8,28.8,28.2,28,27.8,27.8
Japan,,,,,,,,,,,,,,,,,,,,,,,,,,,0,0,0,0,0,0,0,0,0,0,0,0,0.01,0.01,0.01,0.01,0.01,0,0,0,0,0,0,0,0,0,0,0,0,0,0,0,0,0,0,0.01,0.01,0.01,0.01,0.02,0.03,0.02,0.02,0.02,0.01,0.01
Kazakhstan,,,,,,,,,,,,,,,,,,,,,,,,,,,,,,,,,,,,,,,,,,,0.03,0.03,0.09,0.1,0.1,0.05,0.1,0.14,0.13,0.13,0.1,0.1,0.05,0.03,0.03,0.03,0.03,0.03,0,0,0,0,0,0,0,0,0,0,0,0.01
Kenya,,,,,,,,,,,,,,,,,,,,0.01,0.02,0.02,0.02,0.02,0.02,0.02,0.04,0.04,0.04,0.02,0.02,0.03,0.04,0.04,0.05,0.04,0.05,0.06,0.06,0.06,0.5,1.63,1.19,0.97,0.87,0.81,0.82,0.82,0.75,0.7,0.79,0.72,0.72,0.72,0.75,0.79,0.71,0.84,0.94,1.04,1.41,1.39,1.31,1.28,1.27,1.03,1,0.94,0.96,0.97,1.02,1.03
Kyrgyz Republic,,,,,,,,,,,,,,,,,,,,,,,,,,,,,,,,,,,,,,,,,,,0.47,0.47,0.29,0.36,0.32,0.3,0.22,0.22,0.2,0.17,0.12,0.08,0.06,0.02,0.03,0.02,0.02,0.05,0.12,0.09,0.01,0.01,0.01,0.01,0.01,0.01,0.01,0.01,0.02,0.02
Cambodia,,,,,,,,,,,,,,0.17,0.24,0.27,0.31,0.34,0.33,0.3,0,0,0,0,0,0,0,0,0,0,0,0,0,0,0,0,0,0,0,0,0,0,0,0,0,0,0,0,0,0,0.01,0,0,0.01,0,0,0,0,0,0,0,0,0,0,0,0,0,0,0,0,0,0
Kiribati,,,,,,,,,,,,,,,,,,,,,,,,,,,,,,,,,,,,,,,,,,,,,,,,,,,,,0,0,0,0,0,0,0,0,0,0,0,0,0,0,0,0,0,0,0,0
St. Kitts and Nevis,,,,,,,,,,,,,,,,,,,,,,,,,,,,,,,,,,,,,,,,,,,,,,,,,,0,0,0,0,0,0,0,0,0,0,0,0,0,0,0,0,0,0.01,0.01,0.01,0.04,0.13,0
South Korea,,,,,,,,,,,,,,,,,,,,,,,,,,,,0,0,0,0,0,0,0,0,0,0,0,0,0,0,0,0,0,0,0,0,0,0,0,0,0,0,0,0,0,0,0,0,0,0,0,0.01,0.01,0.01,0.02,0.02,0.04,0.06,0.05,0.03,0.03
Kuwait,,,,,,,,,,,,,,,,,,,,,,,,,,,,,0.35,0.33,0.13,0.13,0.13,0.15,0.12,0,0,0,0.01,0,3.4,2.77,1.81,1.83,0.2,0.22,0.21,0.23,0.23,0.15,0.07,0.08,0.08,0.08,0.08,0.02,1.55,1.54,0.11,0.12,0.05,0.04,0.05,0.04,0.04,0.04,0.04,0.04,0.04,0.04,0.04,0.04
Lao,,,,,,,,,,,,,,,,,,,,,,0.02,0,0,0,0,0,0,0,0.31,0.1,0.1,0.04,0.03,0,0,0,0,0,0,0,0,0,0,0,0,0,0,0,0,0,0,0,0,0,0,0,0,0,0,0,0,0,0,0,0,0,0,0,0,0,0
Lebanon,,,,,,,,,,,,,,7.81,7.81,7.68,5.58,7.67,7.66,7.47,7.57,7.54,7.51,7.32,7.36,29.3,26.2,6.92,7.8,7.93,7.83,7.88,8.22,8.32,8.45,8.49,8.51,8.58,8.54,8.6,8.75,8.82,8.79,8.83,8.88,8.89,8.89,8.89,8.88,9,8.92,8.82,8.83,8.78,8.76,9.13,9.67,9.68,9.63,8.8,8.86,11.2,23,25.7,24.1,23.8,24.3,24.2,24.3,24,23.9,24
Liberia,,,,,,,,,,,,,,,,,,,0.07,0,0,0,0,0,0,0,0.09,0,0,0,0,0,0,0.01,0.01,0.01,0.01,0,0.01,0,0,4.87,7.04,5.65,5.6,5.45,5.32,3.65,3.45,2.39,1.84,2.12,1.1,0.49,0.31,0.47,0.29,0.27,0.19,0.62,3.08,1.52,1.2,0.85,0.79,0.4,0.23,0.19,0.17,0.37,0.35,0.09
Libya,,,,,,,,,,,,,,,,,,,,,,,,,,,,,,0,0,0,0,0,0,0,0,0,0,0,0,0,0.03,0.04,0.08,0.16,0.17,0.21,0.21,0.23,0.22,0.22,0.22,0.22,0.21,0.08,0.11,0.19,0.19,0.17,0.21,0.23,0.54,0.6,0.59,0.61,0.71,0.87,0.69,0.66,0.59,0.59
St. Lucia,,,,,,,,,,,,,,,,,,,,,,,,,,,,,,,,,,,,,,,,,,,,,,,0,0,0,0,0,0,0,0,0,0,0,0,0,0,0,0,0,0,0,0,0,0,0,0,0,0
Liechtenstein,,,,,,,,,,,,,,,,,,,,,,,,,,,,,,,,,,,,,,,,,,,,,,,,,,0.21,0.97,0.75,0.68,0.61,0.6,0.85,0.82,0.27,0.38,0.34,0.38,0.33,0.32,0.45,0.62,0.64,0.64,0.62,0.4,0.38,0.4,1.43
Sri Lanka,,,,,,,,,,,,,,,,,,,,,,,,,,,,,,,,,,,0,0,0,0,0,0,0,0,0,0,0,0,0,0,0,0,0,0,0,0,0,0,0,0,0,0,0,0,0.01,0.01,0.01,0.01,0.01,0.01,0.01,0.01,0.01,0
Lesotho,,,,,,,,,,,,,,,,,,,,0.01,0.02,0.01,0.02,0.02,0.02,0.07,0.09,0.07,0.05,0.71,0.79,0.77,0.75,0.75,0.71,0.69,0.24,0.24,0.24,0.01,0.01,0.01,0,0,0,0,0,0,0,0,0,0,0,0,0,0,0,0,0,0,0,0,0,0,0,0,0,0,0.01,0.02,0.02,0.02
Lithuania,,,,,,,,,,,,,,,,,,,,,,,,,,,,,,,,,,,,,,,,0,0,0,0,0,0,0,0,0,0,0,0.01,0.02,0.01,0.01,0.02,0.02,0.02,0.03,0.03,0.03,0.03,0.03,0.03,0.04,0.04,0.05,0.06,0.07,0.08,0.07,0.07,1.82
Luxembourg,0.6,0.6,0.6,0.59,0.59,0.62,0.62,0.61,0.61,0.6,0.6,0.59,0.59,0,0,0,0,0,0,0,0,0,0,0,0,0,0,0,0,0,0,0,0,0,0,0,0,0,0,0.18,0.18,0.56,0.06,0.07,0.17,0.17,0.17,0.17,0.16,0.17,0.27,0.27,0.27,0.35,0.39,0.48,0.58,0.64,0.74,0.77,0.88,0.78,0.35,0.42,0.64,0.72,0.59,0.58,0.7,1.04,1.22,1.8
Latvia,,,,,,,,,,,,,,,,,,,,,,,,,,,,,,,,,,,,,,,,,,0,0,0,0,0,0,0,0,0,0,0,0,0,0,0,0,0,0,0,0.01,0.01,0.02,0.02,0.02,0.02,0.04,0.04,0.04,0.04,0.05,1.9
Morocco,0.03,0.03,0.03,0.04,0,0,0,0.02,0.02,0.02,0.02,0.02,0.03,0.02,0.02,0.02,0.02,0.01,0.01,0.01,0.01,0.01,0.01,0,0,0,0,0,0,0,0,0,0,0,0,0,0,0,0,0,0,0,0,0,0,0,0,0,0,0.01,0.01,0.01,0.01,0,0.01,0.01,0,0,0,0,0,0.01,0.01,0.01,0.02,0.02,0.02,0.02,0.03,0.04,0.05,0.05
Monaco,,,,,,,,,,,,,,,,,,,,,,,,,,,,,,,,,,,,,,,,,,,,,,,,,,,,,,,0,0,0,0,0,0,0.11,0.11,0.1,0.09,0.09,0.07,0.07,0.07,0.06,0.06,0.05,0.05
Moldova,,,,,,,,,,,,,,,,,,,,,,,,,,,,,,,,,,,,,,,,,,,0,0,0,0,0,0,0,0.01,0.01,0.01,0.01,0.01,0.01,0.01,0.01,0,0,0.01,0,0.01,0.01,0.01,0.02,0.02,0.01,0.02,0.02,0.02,0.01,2.68
Madagascar,,,,,,,,,,,,,,,,,,,,,,,,,,,,,,,,,,,,,,,,,,,,0,0,0,0,0,0,0,0,0,0,0,0,0,0,0,0,0,0,0,0,0,0,0,0,0,0,0,0,0
Maldives,,,,,,,,,,,,,,,,,,,,,,,,,,,,,,,,,,,,,,,,,,,,,,,,,,,,,,0,0,0,0,0,0,0,0,0,0,0,0,0,0,0,0,0,0,0
Mexico,,,,,,,,,,,,,,,,,,,,0.01,0.01,0.01,0.01,0.01,0,0,0.01,0.01,0.01,0.06,0.22,0.24,0.24,0.24,0.23,0.23,0.23,0.45,0.44,0.44,0.43,0.42,0.06,0.05,0.04,0.04,0.03,0.03,0.03,0.02,0.02,0.01,0.01,0,0,0,0,0,0,0,0,0,0,0,0,0.01,0.02,0.07,0.12,0.17,0.23,0.27
Marshall Islands,,,,,,,,,,,,,,,,,,,,,,,,,,,,,,,,,,,,,,,,,,,,,,,,,,,,,,,,,,,,,,,0,0,0,0,0,0,0,0,0,0
North Macedonia,,,,,,,,,,,,,,,,,,,,,,,,,,,,,,,,,,,,,,,,,,1.59,1.58,0.75,0.46,0.26,0.17,0.08,1.05,0.44,0.22,0.14,0.12,0.11,0.1,0.07,0.07,0.08,0.08,0.07,0.07,0.08,0.1,0.12,0.03,0.03,0.02,0.02,0.02,0.02,0.02,0.07
Mali,,,,,,,,,,,,,,,,,,,,,0,0,0,0,0,0,0,0,0,0,0,0,0,0,0,0,0,0,0,0.15,0.14,0.14,0.16,0.16,0.18,0.18,0.12,0.13,0.08,0.08,0.08,0.08,0.09,0.1,0.1,0.09,0.08,0.08,0.1,0.1,0.11,0.09,0.09,0.09,0.09,0.1,0.09,0.14,0.13,0.23,0.23,0.24
Malta,,,,,,,,,,,,,,,,,,,,,,,,,,,,,,,,,,,,,,,,,,,0.13,0.11,0.11,0.09,0.09,0.07,0.07,0.05,0.06,0.08,0.23,0.42,0.51,0.64,0.94,1.34,1.87,1.77,1.98,2.09,2.47,1.4,1.67,1.88,1.95,2.12,2.5,2.56,2.47,2.59
Myanmar,,,,,,,,,,,,,,,,,,,,,,0,0,0,0,0,0,0,0,0,0,0,0,0,0,0,0,0,0,0,0,0,0,0,0,0,0,0,0,0,0,0,0,0,0,0,0,0,0,0,0,0,0,0,0,0,0,0,0,0,0,0
Montenegro,,,,,,,,,,,,,,,,,,,,,,,,,,,,,,,,,,,,,,,,,,,,,,,,,,,,,,,,1.1,1.35,3.92,3.81,2.59,2.04,1.79,1.37,1.03,0.28,0.16,0.15,0.14,0.18,0.06,0.05,1.49
Mongolia,,,,,,,,,,,,,,,,,,,,,,,,,,,,,,,,,,,,,,,,,,,,,,0,0,0,0,0,0,0,0,0,0,0,0,0,0,0,0,0,0,0,0,0,0,0,0,0,0,0
Mozambique,,,,,,,,,,,,,,0,0,0,0,0,0,0,0,0,0,0,0.46,0.3,0.41,0.93,1.35,0,0,0,0.01,0.01,0.01,0.01,0,0,0,0,0,0,0,0,0,0,0,0,0,0.01,0.03,0.04,0.05,0.03,0.03,0.03,0.03,0.03,0.03,0.04,0.06,0.05,0.06,0.07,0.08,0.06,0.08,0.09,0.08,0.09,0.09,0.09
Mauritania,,,,,,,,,,,,,,,,,,,,,,,,,,,,,,,,,,,,,0,0,0.77,2.99,1.7,1.75,2.3,3.55,1.44,0.65,0.3,0,0.01,0.01,0.01,0.01,0.02,0.02,0.02,0.03,0.97,0.84,0.81,0.79,0.76,2.24,2.5,1.98,1.97,1.84,1.88,1.97,1.97,2.12,2.28,2.51
Mauritius,,,,,,,,,,,,,,,,,,,,,,,,,,,,,,,,,,,,,,,,,,,,,0,0,0,0,0,0,0,0,0,0,0,0,0,0,0,0,0,0,0,0,0,0,0,0,0,0,0,0
Malawi,,,,,,,,,,,,,,,,0,0,0,0,0,0,0,0,0,0,0,0,0,0,0,0,0,0,0,0,1.26,4.84,7.17,8.96,9.71,9.99,10.5,6.96,0.89,0.01,0.01,0,0.01,0.02,0.03,0.05,0.11,0.1,0.06,0.07,0.07,0.07,0.08,0.07,0.1,0.11,0.11,0.11,0.12,0.14,0.17,0.2,0.2,0.24,0.25,0.26,0.27
Malaysia,,,,,,,,,,,,,,,,,,,,,,,,,,,0.79,1.13,0.97,0.79,0.76,0.71,0.77,0.74,0.7,0.64,0.62,0.63,0.65,0.08,0.08,0.06,0,0.03,0.03,0.03,0.02,0.23,0.23,0.22,0.22,0.22,0.07,0.14,0.17,0.17,0.15,0.17,0.27,0.32,0.33,0.34,0.47,0.49,0.5,0.47,0.47,0.5,0.55,0.54,0.54,0.55
Namibia,,,,,,,,,,,,,,,,0,0,0,0,0,0,0,0,0,0,0,0,0,0,0,0,0,0,0,0,0,0,0,0,0,0.01,0.01,0.04,0.07,0.1,0.13,0.15,0.22,0.43,1.56,1.76,1.19,1.14,0.87,0.32,0.33,0.38,0.4,0.41,0.41,0.33,0.13,0.16,0.12,0.12,0.15,0.17,0.16,0.21,0.23,0.26,0.27
Niger,,,,,,,,,,,,,,,,,,,,,,,,,,,0.03,0,0,0,0,0,0,0,0,0,0,0,0,0.01,0.02,0.04,0.18,0.16,0.28,0.25,0.07,0.03,0,0,0,0,0,0,0,0,0,0,0,0,0,0.28,0.31,0.4,0.62,0.79,0.76,0.79,0.93,0.97,1.06,1.11
Nigeria,,,,,,,,,,,,,,,,,,0,0,0,0,0,0,0,0,0,0,0,0,0.14,0.12,0.01,0.01,0.01,0.01,0.01,0.01,0.01,0,0,0,0,0,0.01,0.01,0.01,0.01,0.01,0.01,0.01,0.01,0.01,0.01,0.01,0.01,0.01,0.01,0.01,0.01,0.01,0.01,0,0,0,0,0,0.01,0.02,0.03,0.03,0.04,0.04
Nicaragua,,,,,,,,,,,,,,,,,,,,,,0,0,0,0,0,0,0,0,0.12,0.63,0.68,0.52,0.5,0.46,0.21,0.23,0.4,0.37,0.38,0.35,0.33,0.12,0.01,0.01,0.01,0.01,0.01,0.01,0.01,0.01,0.01,0.01,0.01,0,0,0,0,0,0,0,0,0,0.01,0.01,0.01,0.01,0.01,0.01,0.01,0.01,0.01
Netherlands,0.14,0.14,0.13,0.12,0.11,0.12,0.12,0.12,0.11,0.1,0.09,0.08,0.08,0.08,0.07,0.07,0.06,0.06,0.06,0.07,0.07,0.07,0.06,0.06,0.06,0.06,0.06,0.06,0.07,0.08,0.09,0.1,0.1,0.1,0.11,0.11,0.16,0.18,0.11,0.12,0.13,0.2,0.29,0.4,0.52,0.66,0.76,0.84,0.88,1.45,1.44,1.29,1.15,0.96,0.82,0.7,0.56,0.53,0.56,0.53,0.51,0.49,0.44,0.53,0.68,0.65,0.64,0.66,0.63,0.62,0.67,1.25
Norway,0.08,0.08,0.07,0.07,0.07,0.08,0.1,0.09,0.09,0.08,0.08,0.08,0.08,0,0,0,0,0,0,0.05,0.08,0.08,0.08,0.08,0.07,0.02,0.15,0.15,0.15,0.15,0.15,0.15,0.24,0.24,0.28,0.32,0.36,0.26,0.44,0.46,0.68,0.7,0.89,1.03,1.09,1.1,1.08,1.02,0.97,1.06,1.11,1.11,1.01,0.96,0.93,1.1,0.87,1.04,1.13,1.08,1.05,1.04,1.03,1.05,1.46,1.28,1.18,1.12,1.04,0.94,0.88,1.25
Nepal,,,,,,,,,,,,,,0.06,0.06,0.06,0.06,0.06,0.07,0.06,0.06,0.06,0.06,0.06,0.06,0.06,0.06,0.06,0.06,0.06,0.06,0.06,0.06,0.07,0.07,0.08,0.08,0.08,0.09,0.09,0.14,0.46,0.5,0.57,0.56,0.56,0.56,0.53,0.53,0.53,0.52,0.52,0.48,0.48,0.49,0.49,0.5,0.47,0.4,0.33,0.27,0.21,0.17,0.14,0.12,0.09,0.08,0.07,0.07,0.07,0.07,0.06
Nauru,,,,,,,,,,,,,,,,,,,,,,,,,,,,,,,,,,,,,,,,,,,,,,,,,0,0,0,0,0,0,0,0,0,0,0,0,0,3.63,4.98,10.2,7.3,7.14,9.33,11.6,9.64,9.45,8.22,8.32
New Zealand,,,,,,,,,,,,,,,,,0.11,0.07,0.07,0.07,0,0,0,0,0,0,0,0.32,0.32,0.32,0.34,0.33,0.33,0.14,0.14,0.13,0.13,0.13,0.14,0.14,0.48,0.49,0.11,0.1,0.1,0.1,0.1,0.11,0.13,0.19,0.18,0.18,0.17,0.15,0.14,0.12,0.07,0.07,0.08,0.06,0.05,0.04,0.04,0.04,0.03,0.04,0.04,0.04,0.05,0.05,0.05,0.05
Oman,,,,,,,,,,,,,,,,,,,,,,,,,,,,,,,,,,,,,,,,,,,,0,0,0,0,0,0,0,0,0,0,0,0,0,0,0,0,0,0,0,0.01,0.01,0.01,0.02,0.02,0.01,0.01,0.01,0.02,0.02
Pakistan,,,,,,,,,,,,,,,,,,,,,,,,,,,,,0.52,1.77,2.82,3.28,3.19,2.66,2.81,2.86,3.03,3.02,2.93,2.82,2.6,1.33,1.18,0.82,0.9,0.88,0.85,0.83,0.8,1.3,1.38,0.75,0.68,0.76,0.62,0.59,1.12,0.96,0.92,0.98,0.86,0.81,0.79,0.73,0.74,0.64,0.65,0.64,0.64,0.64,0.65,0.66
Panama,,,,,,,,,,,,,,,,,,,,,,0.01,0,0.07,0,0,0.03,0.06,0.06,0.17,0.07,0.09,0.07,0.07,0.05,0.06,0.07,0.08,0.06,0.06,0.04,0.04,0.04,0.04,0.03,0.03,0.02,0.04,0.04,0.05,0.05,0.05,0.05,0.06,0.06,0.06,0.51,0.5,0.5,0.48,0.49,0.47,0.48,0.48,0.51,0.54,0.24,2.65,3.21,3.13,3.27,3.54
Peru,,,,,,,,,,,,,,,,,,,,0.01,0.01,0.01,0,0.03,0,0,0.01,0.01,0.04,0.01,0.01,0.01,0,0,0,0,0,0,0,0,0,0,0,0,0,0,0,0,0,0,0,0,0,0,0,0,0.01,0.01,0.01,0,0.01,0.01,0.01,0.01,0.01,0.02,0.13,2.05,2.64,3.17,3.96,4.4
Philippines,,,,,,,,,,,,,,,,,,,,,,,,,0,0,0,0.01,0.01,0.04,0.05,0.03,0.04,0.03,0.03,0.02,0.02,0.04,0.04,0.03,0.01,0.01,0,0,0,0,0,0,0,0,0,0,0,0,0,0,0,0,0,0,0,0,0,0,0,0,0,0,0,0,0,0
Palau,,,,,,,,,,,,,,,,,,,,,,,,,,,,,,,,,,,,,,,,,,,,,,,,,,,,,,,,,,,0.06,0,0,0,0,0,0,0,0,,,,,
Papua New Guinea,,,,,,,,,,,,,,,,,,,,,,,,,,,,0.03,0.03,0.03,0,0.07,0.04,0.32,0.34,0.32,0.27,0.25,0.21,0.18,0.15,0.16,0.18,0.19,0.21,0.21,0.17,0.16,0.13,0.11,0.09,0.09,0.13,0.12,0.15,0.15,0.14,0.14,0.13,0.13,0.12,0.12,0.12,0.12,0.11,0.11,0.11,0.11,0.1,0.11,0.12,0.12
Poland,,,,,,,,,,,,,,,,,,,,0,0,0,0,0,0,0,0,0,0,0,0,0,0,0,0,0,0,0,0,0,0,0.01,0,0,0,0,0,0,0,0,0,0.01,0.01,0.02,0.02,0.02,0.04,0.04,0.05,0.05,0.05,0.05,0.05,0.05,0.04,0.04,0.04,0.04,0.05,0.02,0.02,3.05
North Korea,,,,,,,,,,,,,,,,,,,,,,,,,,,,,,,,,,,,,,,,,,,,,,0,0,0,0,0,0,0,0,0,0,0,0,0,0,0,0,0,0,0,0,0,0,0,0,0,0,0
Portugal,,,,,,,,,,,,,,,,,,,,,,,,,0,0,0.08,0.08,0.08,0.08,0.08,0.08,0.01,0.01,0.01,0.01,0.01,0.01,0.01,0.01,0.01,0.02,0.01,0,0,0,0,0,0,0,0,0,0,0,0,0,0,0,0,0,0.01,0.01,0.01,0.01,0.01,0.02,0.02,0.02,0.03,0.03,0.05,0.5
Paraguay,,,,,,,,,,,,,,,,,,,0.17,0.06,0.06,0.06,0,0.04,0,0,0.05,0.05,0.04,0.03,0.03,0,0,0,0,0,0,0,0,0,0,0,0,0,0,0,0,0,0,0,0,0,0,0,0,0,0,0,0,0,0,0,0,0,0,0,0,0.02,0.08,0.09,0.11,0.11
Palestine,,,,,,,,,,,,,,,,,,,,,,,,,,49.3,49.1,49,48.5,48,47.3,46.8,46.1,46.3,45.8,45.6,44.5,43.6,43.4,43.8,44.6,45.7,46.4,46.9,46.7,46.5,46,45.7,45.5,45.5,45.9,46.3,46.9,47.3,47.6,47.9,48.3,48.2,48.4,46.1,46.4,46.5,46.6,46.8,46.9,47,47.1,47.2,47.2,46.8,46.8,46.7
Qatar,,,,,,,,,,,,,,,,,,,,,,,,,,,,,,0.07,0.07,0.06,0.06,0.06,0.05,0,0,0,0,0,0,0,0,0,0,0,0,0,0,0,0.01,0.01,0.01,0.01,0.01,0.01,0.01,0,0,0,0.01,0.01,0.01,0.01,0.01,0.01,0.01,0.01,0.01,0.02,0.02,0.02
Romania,,,,,,,,,,,,,,,,,,,,0,0,0,0,0,0,0,0,0,0,0,0,0,0,0,0,0,0,0,0,0,0,0,0.01,0.01,0,0,0,0,0.01,0.01,0.01,0.01,0.01,0.01,0.01,0.01,0.01,0.01,0.01,0.01,0.01,0.01,0.01,0.01,0.02,0.01,0.03,0.03,0.02,0.03,0.03,0.45
Russia,,,,,,,,,,,,,,0,0,0,0,0,0,0,0,0,0,0,0,0,0,0,0,0,0,0,0,0,0,0,0,0,0,0,0,0,0,0,0,0.17,0.16,0.09,0.05,0.02,0.01,0.01,0.01,0,0,0,0,0,0,0,0,0,0,0.17,0.22,0.16,0.09,0.05,0.03,0.01,0.01,1.01
Rwanda,,,,,,,,,,,0,0,0,0,0.09,0.01,0,0,0,0,0,0.1,0.15,0.14,0.16,0.16,0.16,0.15,0.16,0.2,0.33,1.1,0.84,0.81,0.32,0.3,0.29,0.32,0.33,0.32,0.45,0.33,3.5,0.09,0.14,0.38,0.45,0.42,0.43,0.37,0.44,0.39,0.46,0.61,0.55,0.57,0.57,0.57,0.54,0.54,0.53,0.55,0.66,0.65,1.25,1.31,1.4,1.16,1.13,1.06,0.91,0.89
Saudi Arabia,,,,,,,,,,,,,,,,,,,,,,,,0,0,0,0,0,1.03,0.98,0.61,0.53,0.5,0.86,1.01,1.5,0,0,0,0,0.2,0.17,0.13,0.1,0.07,0.05,0.03,0.03,0.03,0.03,1.11,1.08,1.04,1.02,0.99,0.95,0.91,0.88,0,0,0,0,0,0,0,0,0,0.01,0.01,0.03,0.04,0.04
Sudan,,,,,,,,,,,,,0,0,0,0,0.32,0.36,0.34,0.54,0.51,0.41,0.41,0.41,0.71,0.78,1.02,1.76,2.2,2.96,3.18,3.51,3.68,5.07,5.96,4.9,3.99,3.64,3.71,4.89,3.4,3.33,3.36,3.2,2.89,1.65,1.53,1.56,1.53,1.59,1.3,1.28,0.49,0.51,0.51,0.66,0.74,0.58,0.58,0.55,0.43,0.45,0.47,0.78,0.84,1.11,2.27,2.61,2.48,2.38,2.48,2.43
Senegal,,,,,,,,,,,,,0.17,0.82,1.33,1.58,1.5,1.39,1.61,1.54,1.78,1.77,1.76,1.83,0.91,0.73,0.09,0.09,0.09,0.09,0.07,0.09,0.08,0.08,0.08,0.08,0.07,0.07,0.73,0.77,0.93,0.9,0.89,0.87,0.77,0.74,0.63,0.66,0.23,0.23,0.23,0.22,0.22,0.22,0.21,0.21,0.2,0.3,0.2,0.18,0.18,0.13,0.12,0.12,0.12,0.12,0.12,0.1,0.1,0.1,0.1,0.07
Singapore,,,,,,,,,,,,,,,,,,,,,,,,,,,,0.03,0.04,0,0,0.02,0.01,0,0,0,0.01,0.01,0.02,0,0.01,0,0,0,0,0,0,0,0,0,0,0,0,0,0,0,0,0,0,0,0,0,0,0,0,0,0,0,0,0,0,0
Solomon Islands,,,,,,,,,,,,,,,,,,,,,,,,,,,,,,,,,,,,,,,,,,,,,0.53,0.52,0.2,0.05,0,0,0,0,0,0,0,0,0,0,0,0,0,0,0,0,0,0,0,0,0,0,0,0
Sierra Leone,,,,,,,,,,,,,,,,,,,0.02,0,0,0,0,0,0,0.01,0,0,0,0,0,0,0,0,0,0,0,0,0,2.91,0.64,0.14,0.38,0.37,0.11,0.31,0.3,0.22,0.15,0.15,0.22,1.24,1.15,1.18,1.06,0.47,0.15,0.13,0.15,0.13,0.12,0.06,0.04,0.02,0.01,0.01,0.01,0.01,0.01,0,0,0
El Salvador,,,,,,,,,,,,,,,,,,,,,,0,0,0,0,0,0,0,0,0.01,0,0,0,0,0,0.01,0.01,0.39,0.39,0.38,0.37,0.36,0,0,0,0,0,0,0,0,0,0,0,0,0,0,0,0,0,0,0,0,0,0,0,0,0,0,0,0,0,0
San Marino,,,,,,,,,,,,,,,,,,,,,,,,,,,,,,,,,,,,,,,,,,,,,,,,0,0,0,0,0,0,0,0,,,,,,,,,,,,,,,,,
Somalia,,,,,,,,,,,,,,,,,,,,,,,,,0,0,11.2,12.6,21.7,33.9,11.8,11.8,11.4,11,12.3,10.1,11.7,11.7,10.9,6.57,0,0.01,0.01,0.01,0.01,0.01,0.01,0,0,0.01,0.01,0,0.01,0.01,0.01,0.02,0.09,0.1,0.23,0.22,0.07,0.09,0.1,0.09,0.13,0.17,0.2,0.21,0.22,0.15,0.18,0.19
Serbia,,,,,,,,,,,,,,,0.37,0.37,0.37,0.37,0.37,0.36,0.33,0.37,0.36,0.35,0.35,0.34,0.03,0.03,0.03,0.03,0.02,0.03,0.03,0.04,0.04,0.03,0.02,0.01,0.01,0.01,0.01,6.5,6.02,5.65,8.15,7.05,6.88,6.29,6.3,6.1,5.06,4.48,3.69,3.52,1.89,1.27,1.26,1.25,1.12,0.96,0.93,0.88,0.76,0.59,0.47,0.49,0.43,0.42,0.36,0.36,0.35,0.37
South Sudan,,,,,,,,,,,,,,,,,,,,,,,,,,,,,,,,,,,,,,,,,,,,,,,,,,,,,,,,,,,,,1.03,1.89,2.07,2.21,2.36,2.39,2.68,2.83,2.89,3,3.14,3.13
Sao Tome and Principe,,,,,,,,,,,,,,,,,,,,,,,,,,,,,,,,,,,0,0,0,0,0,0,0,0,0,0,0,0,0,0,0,0,0,0,0,0,0,0,0,0,0,0,0,0,0,0,0,0,0,0,0,0,0,0
Suriname,,,,,,,,,,,,,,,,,,,,,,,,,,,,,,,,,,,,,,,0,0,0,0.01,0.01,0.01,0,0,0,0,0,0,0,0,0,0,0,0,0,0,0,0,0,0,0,0,0,0.01,0.02,0.04,0.24,0.33,0.35,0.4
Slovak Republic,,,,,,,,,,,,,,,,,,,,,,,,,,,,,,,,,,,,,,,,,,,0.03,0,0.04,0.03,0.01,0.01,0.01,0.02,0.07,0.09,0.09,0.06,0.06,0.06,0.02,0.01,0.01,0.01,0.01,0.02,0.02,0.02,0.02,0.02,0.02,0.02,0.02,0.02,0.02,1.51
Slovenia,,,,,,,,,,,,,,,,,,,,,,,,,,,,,,,,,,,,,,,,,,3.72,2.26,1.46,1.12,0.5,0.26,0.17,0.22,0.59,0.14,0.03,0.11,0.03,0.02,0.02,0.01,0.02,0.02,0.02,0.01,0.01,0.01,0.02,0.02,0.04,0.04,0.05,0.05,0.05,0.07,0.4
Sweden,0.62,0.59,0.52,0.46,0.39,0.42,0.45,0.42,0.38,0.35,0.34,0.34,0.34,0.31,0.28,0.26,0.23,0.21,0.21,0.25,0.25,0.25,0.25,0.24,0.24,0.24,0.24,0.24,0.24,0.24,0.24,0.24,0.51,1.08,1.08,1.43,1.54,1.65,1.64,1.28,1.45,1.52,1.87,2.3,2.27,2.18,2.12,2.03,1.8,1.89,1.84,1.97,1.64,1.13,1,1.07,1.12,1.1,1.08,1.08,1.11,1.21,1.47,2.04,3.32,3.15,2.91,2.82,2.74,2.57,2.43,2.75
Eswatini,,,,,,,,,,,,,,,,,,,,0.03,0.01,0.02,0.02,0.01,0.01,0.02,0.02,0.13,0.91,0.91,0.91,1.16,0.95,1.33,1.53,1.66,1.92,3.7,4.23,4.93,5.57,6.01,5.13,0.07,0.07,0.06,0.06,0.06,0.06,0.07,0.1,0.1,0.1,0.09,0.1,0.09,0.1,0.11,0.12,0.07,0.07,0.08,0.09,0.07,0.08,0.1,0.12,0.14,0.16,0.17,0.13,0.15
Seychelles,,,,,,,,,,,,,,,,,,,,,,,,,,,,,,,,,,,,,,0,0,0,0,0,0,0,0,0,0,0,0,0,0,0,0,0,0,0,0,0,0,0,0,0,0,0,0,0,0,0,0,0,0,0
Syria,,,,,,,,,,,,,,,,,,2.57,2.56,2.55,2.54,2.53,2.51,2.48,2.48,2.45,2.44,2.42,2.4,2.39,2.36,2.63,2.74,2.7,2.81,2.34,2.32,2.31,2.3,2.33,2.33,2.37,2.66,2.68,2.65,2.58,2.54,2.52,2.42,2.41,2.39,2.38,2.38,2.42,2.48,5.92,9.47,7.31,7.01,6.65,5.47,4.33,3.11,3.39,2.92,3.03,3.1,3.09,2.94,2.85,2.81,2.72
Chad,,,,,,,,,,,,,,,,,,,,0,0,0,0,0,0,0,0,0,0,0,0,0,0,0,0,0,0,0,0,0,0,0,0,0,0,0,0,0.11,0.29,0.22,0.16,0.39,1.59,2.7,2.75,2.77,2.74,2.98,2.94,2.93,2.98,2.93,3.29,3.32,2.63,2.69,2.73,2.91,2.77,2.9,3.26,3.3
Togo,,,,,,,,,,,0.3,0.29,0.29,0.28,0.27,0,0,0,0.01,0,0,0,0,0,0,0,0,0,0,0,0,0.01,0.06,0.06,0.09,0.08,0.1,0.09,0.09,0.09,0.09,0.08,0.08,0.3,0.25,0.28,0.28,0.25,0.25,0.25,0.24,0.24,0.23,0.21,0.17,0.12,0.02,0.16,0.14,0.22,0.29,0.35,0.3,0.31,0.3,0.17,0.17,0.16,0.15,0.14,0.13,0.13
Thailand,,,,,,,,,,,,,,,,,,,,,,,,,0.19,0.2,0.23,0.32,0.34,0.57,0.41,0.35,0.3,0.26,0.26,0.23,0.21,0.2,0.18,0.18,0.16,0.11,0.21,0.17,0.18,0.18,0.28,0.22,0.16,0.17,0.17,0.18,0.19,0.19,0.23,0.23,0.21,0.19,0.17,0.16,0.15,0.14,0.2,0.2,0.17,0.16,0.15,0.15,0.14,0.14,0.14,0.14
Tajikistan,,,,,,,,,,,,,,,,,,,,,,,,,,,,,,,,,,,,,,,,,,0.05,0.01,0.01,0.01,0.02,0.04,0.06,0.07,0.25,0.25,0.06,0.06,0.03,0.02,0.02,0.02,0.03,0.06,0.06,0.07,0.06,0.05,0.03,0.03,0.04,0.03,0.03,0.06,0.06,0.14,0.11
Turkmenistan,,,,,,,,,,,,,,,,,,,,,,,,,,,,,,,,,,,,,,,,,,,0.38,0.37,0.55,0.36,0.36,0.33,0.41,0.32,0.31,0.29,0.28,0.27,0.24,0.02,0,0,0,0,0,0,0,0,0,0,0,0,0,0,0,0
Timor-Leste,,,,,,,,,,,,,,,,,,,,,,,,,,,,,,,,,,,,,,,,,,,,,,,,,0,0,0,0,0,0,0,0,0,0,0,0,0,0,0,0,0,0,0,0,0,0,0,0
Tonga,,,,,,,,,,,,,,,,,,,,,,,,,,,,,,,,,,,,,,,,,,,,,,0,0,0,0,0,0,0,0,0,0,0,0,0,0,0,0,0,0,0,0,0,0,0,0,0,0,0
Trinidad and Tobago,,,,,,,,,,,,,,,,,,,,,,,,,,,,,,,,,,,,,,,,,,,,0,0,0,0,0,0,0,0,0,0,0,0,0,0.01,0.01,0.02,0.01,0,0,0,0.01,0.01,0.02,0.15,2.83,1.8,1.83,2.2,2.02
Tunisia,0.05,0,0,0.05,0,0,0,0.02,0.02,0.02,0.02,0.02,0.02,0.02,0.01,0,0,0.02,0,0,0,0,0,0,0,0,0,0,0,0,0,0,0,0,0,0,0,0,0,0,0,0,0,0,0,0,0.01,0.01,0,0,0,0,0,0,0,0,0,0,0,0,0.04,0.02,0.01,0.01,0.01,0.01,0.01,0.01,0.03,0.05,0.08,0.08
Turkey,0.01,0.01,0.01,0.01,0.01,0.01,0.01,0.01,0.01,0.01,0.01,0.01,0.01,0.01,0.01,0.01,0.01,0.01,0,0,0,0,0,0,0,0,0,0,0,0.01,0,0,0,0.01,0,0,0,0.01,0.06,0.05,0.06,0.05,0.04,0.04,0.02,0.01,0,0,0,0.01,0.01,0.01,0.01,0.01,0.01,0.01,0.02,0.03,0.02,0.02,0.03,0.39,0.86,2.17,3.46,3.85,4.62,4.82,4.68,4.72,4.79,4.65
Tuvalu,,,,,,,,,,,,,,,,,,,,,,,,,,,,,,,,,,,,,,,,,,,,,0,0,0,0,0,0,0,0,0,0,0,0,0,0,0,0,0,0,,,,,,,,,,
Tanzania,,,,,,,,,,,0.12,0.11,0.11,0.22,0.25,0.28,0.32,0.36,0.41,0.53,0.51,1.13,1.2,1.23,1.05,0.91,0.94,0.89,0.86,0.83,0.83,0.78,0.85,0.82,0.95,0.96,1.1,1.07,1.04,1.01,1.07,1.06,1.98,2.98,2.71,1.6,1.79,1.67,1.86,2.04,1.89,1.9,1.74,1.57,1.39,1.2,1.05,0.75,0.27,0.25,0.28,0.21,0.21,0.18,0.41,0.53,0.63,0.55,0.45,0.43,0.37,0.36
Uganda,,,,,,,,,,,0.66,0.64,0.71,1.32,1.56,1.71,1.73,1.81,1.77,1.74,1.7,1.53,1.02,1.04,0.96,0.94,0.92,0.89,0.87,0.85,0.83,0.81,0.93,1.03,1,0.93,0.56,0.63,0.76,0.83,0.89,1.04,1.47,1.42,1.11,1.24,0.86,0.91,0.94,1,0.81,0.85,0.88,0.93,0.93,0.97,0.79,0.56,0.44,0.48,0.49,0.66,0.69,1.16,1.37,2.54,3.48,2.87,3.22,3.26,3.43,3.24
Ukraine,,,,,,,,,,,,,,,,,,,,,,,,,,,,,,,,,,,,,,,,,,0,0,0.01,0.01,0.01,0.01,0.01,0.01,0.01,0.01,0.01,0.01,0.01,0.01,0.01,0.02,0.02,0.02,0.01,0.01,0.02,0.02,0.02,0.02,0.02,0.02,0.02,0.01,0.01,0.01,0.01
Uruguay,,,,,,,,,,,,,,,,,,,,0.05,0.05,0.05,0,0.04,0,0,0.07,0.07,0.07,0.06,0.06,0,0.01,0,0,0,0,0,0,0,0,0,0,0,0,0,0,0,0,0,0,0,0,0,0,0,0,0,0.01,0.01,0.01,0.01,0.01,0.01,0.01,0.02,0.07,0.54,0.83,0.74,0.86,0.96
USA,0.23,0.33,0.32,0.32,0.31,0.3,0.3,0.29,0.29,0.28,0.28,0.27,0.27,0.27,0.27,0.26,0.25,0.25,0.25,0.25,0.26,0.26,0.26,0.25,0.25,0.23,0.32,0.34,0.33,0.18,0.24,0.27,0.28,0.27,0.21,0.17,0.15,0.16,0.17,0.19,0.2,0.23,0.24,0.24,0.23,0.23,0.21,0.19,0.19,0.32,0.32,0.31,0.28,0.23,0.18,0.32,0.12,0.11,0.11,0.09,0.09,0.09,0.11,0.14,0.17,0.22,0.28,0.31,0.36,0.4,0.49,0.53
Uzbekistan,,,,,,,,,,,,,,,,,,,,,,,,,,,,,,,,,,,,,,,,,,,0.04,0.04,0.01,0.01,0.01,0,0,0.16,0.16,0.18,0.18,0.17,0.17,0.01,0,0,0,0,0,0,0,0,0,0,0,0,0,0,0.04,0.04
St. Vincent and the Grenadines,,,,,,,,,,,,,,,,,,,,,,,,,,,,,,,,,,,,,,,,,,,,0,0,0,0,0,0,0,0,0,0,0,0,0,0,0,0,0,0,0,0,0,0,0,0,0,0.04,0.01,0,0
Venezuela,,,,,,,,,,,,,,,,,,,0.14,0.13,0.13,0.12,0.12,0.11,0,0,0.11,0.11,0.11,0.12,0.11,0.01,0.01,0.01,0.01,0.01,0.01,0.01,0.01,0.01,0.01,0.01,0.01,0.01,0.01,0.01,0,0,0,0,0,0,0.01,0.02,0.02,0.03,0.76,0.76,0.76,0.76,0.75,0.69,0.69,0.58,0.57,0.56,0.4,0.23,0.23,0.24,0.14,0.14
Vietnam,,,,,,,,,,,,,,0,0,0,0,0,0,0,0.13,0.13,0.08,0,0,0,0.12,0.3,0.07,0.06,0.06,0.05,0.04,0.04,0.04,0.04,0.04,0.04,0.04,0.03,0.03,0.02,0.01,0.01,0.05,0.05,0.02,0.02,0.02,0.02,0.02,0.02,0.02,0,0,0,0,0,0,0,0,0,0,0,0,0,0,0,0,0,0,0
Vanuatu,,,,,,,,,,,,,,,,,,,,,,,,,,,,,,,,,,,,,,,,,,,,,,,,,,,,,,,,,,0,0,0,0,0,0,0,0,0,0,0,0,0,0,0
Samoa,,,,,,,,,,,,,,,,,,,,,,,,,,,,,,,,,,,,,,,,,,,,,,,,,,,0,0,0,0,0,0,0,0,0,0,0,0,0,0,0,0,0,0,0,0,0,0
Yemen,,,,,,,,,,,,,,,,,,,,,,,,,,,0,0.17,0.17,0.17,0.01,0.01,0.04,0.04,0.05,0.92,0.61,0.63,0.62,0.02,0.22,0.41,0.36,0.31,0.33,0.32,0.24,0.35,0.33,0.33,0.38,0.43,0.31,0.33,0.39,0.44,0.52,0.6,0.72,0.78,0.87,0.93,0.92,0.96,0.97,0.95,0.93,0.89,0.88,0.55,0.31,0.29
South Africa,,,,,,,,,,,,,,,,0,0,0,0,0,0,0,0,0,0,0,0,0,0,0,0,0,0,0,0,0,0,0,0,0,0,0,0.59,0.21,0.23,0.05,0.02,0.02,0.03,0.06,0.06,0.16,0.23,0.29,0.35,0.34,0.42,0.54,0.7,0.44,0.53,0.56,0.56,1.05,2.18,0.55,0.49,0.48,0.46,0.43,0.41,0.4
Zambia,,,,,,,,,,,,,,,0.14,0.17,0.27,0.33,0.3,0.37,0.39,0.55,0.8,0.84,0.73,0.67,1.24,1.47,1.04,0.64,0.69,1.46,1.64,1.49,1.55,2.01,2.03,1.97,1.83,1.8,1.79,1.76,1.71,1.67,1.5,1.47,1.81,1.8,2.15,2.54,2.79,2.36,2.09,1.56,1.35,1.01,0.91,0.65,0.43,0.35,0.33,0.18,0.17,0.18,0.18,0.19,0.27,0.3,0.34,0.37,0.41,0.41
Zimbabwe,,,,,,,,,,,,,,,,,,,,,,,,,0,0,0,0,0,0,0.07,0.26,0.62,0.6,0.72,0.73,1.33,1.82,1.78,1.89,1.9,2.23,0.93,0.02,0,0.01,0.01,0.01,0.02,0.04,0.08,0.08,0.11,0.06,0.11,0.03,0.04,0.03,0.04,0.04,0.04,0.04,0.05,0.05,0.05,0.06,0.11,0.12,0.13,0.14,0.13,0.13
